<?xml version="1.0" encoding="UTF-8"?><rss version="2.0"
	xmlns:content="http://purl.org/rss/1.0/modules/content/"
	xmlns:wfw="http://wellformedweb.org/CommentAPI/"
	xmlns:dc="http://purl.org/dc/elements/1.1/"
	xmlns:atom="http://www.w3.org/2005/Atom"
	xmlns:sy="http://purl.org/rss/1.0/modules/syndication/"
	xmlns:slash="http://purl.org/rss/1.0/modules/slash/"
	>

<channel>
	<title>Dana Group</title>
	<atom:link href="/feed/" rel="self" type="application/rss+xml" />
	<link>/</link>
	<description>Commitment to Service in Nigeria</description>
	<lastBuildDate>Thu, 24 Mar 2022 15:31:49 +0000</lastBuildDate>
	<language>en-US</language>
	<sy:updatePeriod>
	hourly	</sy:updatePeriod>
	<sy:updateFrequency>
	1	</sy:updateFrequency>
	<generator>https://wordpress.org/?v=6.4.3</generator>

<image>
	<url>/wp-content/uploads/2022/03/cropped-DGC-Favicon-32x32.png</url>
	<title>Dana Group</title>
	<link>/</link>
	<width>32</width>
	<height>32</height>
</image> 
	<item>
		<title>DANACID, Celebrates 25 years in Nigeria</title>
		<link>/danacid-celebrates-25-years-in-nigeria/?utm_source=rss#038;utm_medium=rss&#038;utm_campaign=danacid-celebrates-25-years-in-nigeria</link>
					<comments>/danacid-celebrates-25-years-in-nigeria/#respond</comments>
		
		<dc:creator><![CDATA[Mr.Cosmas Ogbobe]]></dc:creator>
		<pubDate>Thu, 24 Mar 2022 15:30:48 +0000</pubDate>
				<category><![CDATA[News]]></category>
		<category><![CDATA[Dana Pharma]]></category>
		<guid isPermaLink="false">https://sub.danagroup.com/?p=12768</guid>

					<description><![CDATA[Dana Pharmaceuticals Limited, a part of Dana Group, is one of the foremost infusions and pharmaceuticals manufacturing company in Nigeria. Dana Group is an established name in the country with visible presence for over 40 years starting with pharmaceuticals manufacturing. Dana Pharmaceuticals division operates three ISO 9001:2015 certified, state of the art plants located between]]></description>
										<content:encoded><![CDATA[<p>Dana Pharmaceuticals Limited, a part of Dana Group, is one of the foremost infusions and pharmaceuticals manufacturing company in Nigeria. Dana Group is an established name in the country with visible presence for over 40 years starting with pharmaceuticals manufacturing.</p>
<p>Dana Pharmaceuticals division operates three ISO 9001:2015 certified, state of the art plants located between Ibadan and Minna serving all the geopolitical zones of the nation. With the company’s motto of “a Commitment to Healthcare” in mind, and one of the best technologies in hand, Dana Pharmaceuticals is devoted to the production and marketing of genuine quality and effective products that are offered at the most affordable prices nationwide. The existing product range includes generic formulations (tablets, capsules and syrups) and intravenous infusion fluids.</p>
<p>“Unwavering commitment to healthcare at affordable prices” is the organization&#8217;s mission as mentioned by the Managing Director, Mr. Gautam Hathiramani. Dana Pharmaceutical’s flagship brands such as include Danacid Tablets/Suspension, Ferrodan Capsules/Tonic, Paradana Tablets/Syrup, XPEL Cough Expectorant, LAM suspension and leading range of Intravenous fluids have become leaders in their respective categories The company is also into co-marketing agreements with and distribution of quality pharmaceuticals for reputable pharmaceutical companies in Nigeria.</p>
<h2>DANACID</h2>
<p>The flagship brand in antacids, Danacid, is celebrating it’s 25th Silver Anniversary year (the brand was launched in 1996). On the momentous occasion we would like to felicitate all our esteemed distributors and appreciate their continuous patronage and support over the last 25 years and for believing our brand quality, efficacy and popularizing it’s usage across all adult age groups.</p>
<p>DANACID is manufactured in DANACID Blister packs by 96 , 100ml suspension and 1450ml Jars that contain 1,000 tablets being supplied to Primary Health care centers, Hospitals and leading pharmacies across Nigeria. We have close to 360 primary distributors who, over the years, have helped built a robust medical distribution to reach out to all communities.</p>
<p>DANACID, is a leading household name in the antacid segment due to its quality, efficacy, and user-friendly packaging, is used for providing effective relief from Hyperacidity, Heartburn, Gaseous Distention &amp; Peptic Ulcer. It is also used to relieve immense physical discomfort caused by belching or bloating. The unique flavor and quick onset of action resulting in soothing relief, has endeared to the masses, catapulting the brand to the forefront over all others.</p>
<p>From sourcing top quality raw materials to stringent manufacturing processes, Dana has never compromised on its impeccable product standards and will continue to focus on improving the wellbeing of our customers, by producing exceptional products at affordable prices.</p>
<p>As DANACID celebrates the significant milestone of 25 years this October, we would like to express our gratitude to the millions of Nigerians who have continually opted for DANACID as their preferred antacid. As part of Corporate Social Responsibility efforts, DANA Pharmaceuticals donated Paradana formulations, LAM, XPEL and CPM Syrups last June during the Covid 19 pandemic to the Lagos State Government, Ministry of Health, Ikeja, a small gesture that we came forward with in efforts to curb the spread of the virus.</p>
<p>We would also like to thank all the medical professionals, pharmacists, our teaming partners, distributors &amp; hospitals for preferring and distributing DANACID for the well being of all Nigerians.</p>
<p><strong>– DANACID from Dana Pharmaceuticals Limited, proudly Nigerian!</strong></p>
]]></content:encoded>
					
					<wfw:commentRss>/danacid-celebrates-25-years-in-nigeria/feed/</wfw:commentRss>
			<slash:comments>0</slash:comments>
		
		
			</item>
		<item>
		<title>Dana Pharmaceuticals donates essential drugs to Lagos State Government to help in COVID-19 Fight</title>
		<link>/dana-pharmaceuticals-donates-essential-drugs-to-lagos-state-government-to-help-in-covid-19-fight/?utm_source=rss#038;utm_medium=rss&#038;utm_campaign=dana-pharmaceuticals-donates-essential-drugs-to-lagos-state-government-to-help-in-covid-19-fight</link>
					<comments>/dana-pharmaceuticals-donates-essential-drugs-to-lagos-state-government-to-help-in-covid-19-fight/#respond</comments>
		
		<dc:creator><![CDATA[Mr.Cosmas Ogbobe]]></dc:creator>
		<pubDate>Thu, 24 Mar 2022 09:06:50 +0000</pubDate>
				<category><![CDATA[News]]></category>
		<guid isPermaLink="false">https://sub.danagroup.com/?p=12760</guid>

					<description><![CDATA[L-R: Assistant Vice President, Sales &#38; Marketing, Dana Pharmaceuticals Limited, Mr. Gerald Oputa; Secretary to the State Government, Mrs. Folashade Jaji; Country Head, Dana Pharmaceuticals Limited, Mr. Bharat Vaswani; Permanent Secretary, Cabinet Office, Lagos State, Mrs. Kemi Durosinmi-Etti; and Director, Administration, and Human Resources, Mrs. Iyabode Akinsanya, during the presentation of essential drugs to Lagos]]></description>
										<content:encoded><![CDATA[<blockquote><p>L-R: Assistant Vice President, Sales &amp; Marketing, Dana Pharmaceuticals Limited, Mr. Gerald Oputa; Secretary to the State Government, Mrs. Folashade Jaji; Country Head, Dana Pharmaceuticals Limited, Mr. Bharat Vaswani; Permanent Secretary, Cabinet Office, Lagos State, Mrs. Kemi Durosinmi-Etti; and Director, Administration, and Human Resources, Mrs. Iyabode Akinsanya, during the presentation of essential drugs to Lagos State Government by DANA Pharmaceuticals Limited in Lagos recently.</p></blockquote>
<p>To bolster the efforts of the Lagos State Government, Dana Pharmaceuticals Ltd has donated essential drugs for the provision of treatment to people who contracted the virus in the State. Recognising that a rapid demand spike for medications was likely to be occasioned by the spread of the virus, Dana Pharmaceuticals donated the drugs to the State Government to complement their efforts on getting ahead of the Covid-19 pandemic.<br />
Lagos is the epicentre of the spread in Nigeria and the donation of the drugs to the state would help alleviate concerns that the wave of the spread of Covid-19 will over-stretch the capacities of the health institutions and the availability of medication for the people.</p>
<p>Dana Pharmaceuticals as one of the foremost infusions and a drug manufacturing company in Nigeria is reputed for responding to health needs on the ground as they evolve, while simultaneously manufacturing essential drugs. They’ve initiated life-saving interventions and supports to governments and communities across the country, particularly in this pandemic. Focusing on holistic sustainable solutions, the company partners with the government and other organisations to build systems that better prepare communities for crisis and prevent the effects of the devastation on the most vulnerable populations.</p>
<p>Among the drugs donated include Paracetamol tablets, X-Pel Cough Suspension Syrups, and Chloroquine Phosphate tablets amongst others for possible use in treating patients hospitalised with COVID-19. “Governor Sanwo-Olu is taking every possible step to protect the people from the coronavirus and provide them with hope,” said Bharat Vaswani, Country Head for Dana Pharmaceuticals. “As a corporate citizen and Nigeria’s foremost pharmaceutical company it’s only natural for us to partner the government in the fight against COVID-19 and providing safety net from the adverse effects of the virus. The Governor’s bold leadership and the hard work of the Ministry of Health have continued to spur us on in contributing our quota to the fight against this pandemic. We’ll continue working around the clock to provide drugs and partner with institutions to give access to patients to help them battle COVID-19 while continuing our commitment to manufacturing drugs to provide succour to the people in this new normal.</p>
<p>Given the importance of drug donation by Dana Pharmaceuticals for the treatment and prevention of COVID-19, the Lagos State Health Ministry, Nigeria Centre for Disease Control (NCDC) and the selfless services of all medical personnel, are working together to help provide treatments for the patients in the isolation centres across the state. The use of the donated medications is expected to help ease supply pressures for drugs, and Dana Pharmaceuticals, being at the vanguard partnering the state government is also working to increase production to ensure these drugs also remain available for patients dependent on them for the treatment of other ailments.</p>
<p>Dana Pharmaceuticals works to enhance and protect the health and well-being of all Nigerians, providing for effective health and human services and fostering advances in medicine, public health, and social services. The company is committed to saving lives and protect Nigerians with the production of life-saving pharmaceuticals and medical supplies for use in hospitals and local supplies in a public health emergency. The existing pharma product range includes formulations, infusions, and medical consumables produced by Dana Pharmaceuticals and reputable partners in overseas pharmaceutical companies.</p>
]]></content:encoded>
					
					<wfw:commentRss>/dana-pharmaceuticals-donates-essential-drugs-to-lagos-state-government-to-help-in-covid-19-fight/feed/</wfw:commentRss>
			<slash:comments>0</slash:comments>
		
		
			</item>
	</channel>
</rss>
	