<?xml version="1.0" encoding="UTF-8"?><rss version="2.0"
	xmlns:content="http://purl.org/rss/1.0/modules/content/"
	xmlns:dc="http://purl.org/dc/elements/1.1/"
	xmlns:atom="http://www.w3.org/2005/Atom"
	xmlns:sy="http://purl.org/rss/1.0/modules/syndication/"
	
	>
<channel>
	<title>
	Comments on: DANACID, Celebrates 25 years in Nigeria	</title>
	<atom:link href="/danacid-celebrates-25-years-in-nigeria/feed/" rel="self" type="application/rss+xml" />
	<link>/danacid-celebrates-25-years-in-nigeria/?utm_source=rss#038;utm_medium=rss&#038;utm_campaign=danacid-celebrates-25-years-in-nigeria</link>
	<description>Commitment to Service in Nigeria</description>
	<lastBuildDate>Thu, 24 Mar 2022 15:31:49 +0000</lastBuildDate>
	<sy:updatePeriod>
	hourly	</sy:updatePeriod>
	<sy:updateFrequency>
	1	</sy:updateFrequency>
	<generator>https://wordpress.org/?v=6.4.3</generator>
</channel>
</rss>
	